Aceh Barat,Aceh
Aceh Barat Daya,Aceh
Aceh Besar,Aceh
Aceh Jaya,Aceh
Aceh Selatan,Aceh
Aceh Singkil,Aceh
Aceh Tamiang,Aceh
Aceh Tengah,Aceh
Aceh Tenggara,Aceh
Aceh Timur,Aceh
Aceh Utara,Aceh
Benr Meriah,Aceh
Bireuen,Aceh
Gayo Lues,Aceh
Nagan Raya,Aceh
Pidie,Aceh
Pidie Jaya,Aceh
Simeule,Aceh
Banda Aceh,Aceh
Langsa,Aceh
Lhokseumawe,Aceh
Sabang,Aceh
Subulussalam,Aceh
Asahan,Sumatera Utara
Batubara,Sumatera Utara
Dairi,Sumatera Utara
Deli Serdang,Sumatera Utara
Humbang Hasundutan,Sumatera Utara
Karo,Sumatera Utara
Labuhan Batu,Sumatera Utara
Labuhanbatu Selatan,Sumatera Utara
Langkat,Sumatera Utara
Mandailing Natal,Sumatera Utara
Nias,Sumatera Utara
Nias Barat,Sumatera Utara
Nias Selatan,Sumatera Utara
Nias Utara,Sumatera Utara
Padang Lawas,Sumatera Utara
Padang Lawas Utara,Sumatera Utara
Pakpak Bharat,Sumatera Utara
Samosir,Sumatera Utara
Serdang Bedagai,Sumatera Utara
Simalungun,Sumatera Utara
Tapanuli Selatan,Sumatera Utara
Tapanuli Tengah,Sumatera Utara
Tapanuli Utara,Sumatera Utara
Toba Samosir,Sumatera Utara
Binjai,Sumatera Utara
Gunungsitoji,Sumatera Utara
Medan,Sumatera Utara
Padangsidempuan,Sumatera Utara
Pematangsiantar,Sumatera Utara
Sibolga,Sumatera Utara
Tanjungbalai,Sumatera Utara
Tebing Tinggi,Sumatera Utara
Agam,Sumatera Barat
Dharmasraya,Sumatera Barat
Kepulauan Mentawai,Sumatera Barat
Lima Puluh Kota,Sumatera Barat
Padang Pariaman,Sumatera Barat
Pasaman,Sumatera Barat
Pasaman Barat,Sumatera Barat
Pesisir Selatan,Sumatera Barat
Sijunjung,Sumatera Barat
Solok,Sumatera Barat
Solok Selatan,Sumatera Barat
Tanah Datar,Sumatera Barat
Bukittinggi,Sumatera Barat
Padang,Sumatera Barat
Padangpanjang,Sumatera Barat
Pariaman,Sumatera Barat
Payakumbuh,Sumatera Barat
Sawahlunto,Sumatera Barat
Solok,Sumatera Barat
Bengkalis,Riau
Indragiri Hilir,Riau
Indragiri Hulu,Riau
Kampar,Riau
Kepulauan Meranti,Riau
Kuantan Sengingi,Riau
Pelalawan,Riau
Rokan Hilir,Riau
Rokan Hulu,Riau
Siak,Riau
Dumai,Riau
Pekanbaru,Riau
Bintan,Kepulauan Riau
Karimun,Kepulauan Riau
Kepulauan Anambas,Kepulauan Riau
Lingga,Kepulauan Riau
Natuna,Kepulauan Riau
Batam,Kepulauan Riau
Tanjung Pinang,Kepulauan Riau
Batanghari,Jambi
Bungo,Jambi
Kerinci,Jambi
Merangin,Jambi
Muaro Jambisarolangin,Jambi
Tanjung Jabung Barat,Jambi
Tanjung Jabung Timur,Jambi
Tebo,Jambi
Jambi,Jambi
Sungai Penuh,Jambi
Bengkulu Selatan,Bengkulu
Bengkulu Tangah,Bengkulu
Bengkulu Utara,Bengkulu
Kaur,Bengkulu
Kapahiang,Bengkulu
Lebong,Bengkulu
Mukomuko,Bengkulu
Rejang Lebong,Bengkulu
Seluma,Bengkulu
Bengkulu,Bengkulu
Banyuasin,Sumatera Selatan
Lahat,Sumatera Selatan
Muara Enim,Sumatera Selatan
Musi Banyuasin,Sumatera Selatan
Musi Rawas,Sumatera Selatan
Musi Rawas Utara,Sumatera Selatan
Ogan Llir,Sumatera Selatan
Ogan Komering Llir,Sumatera Selatan
Ogan Komering Ulu,Sumatera Selatan
Ogan Komering Ulu Selatan,Sumatera Selatan
Ogan Komering Ulu Timur,Sumatera Selatan
Penukal Abab Lematang Llir,Sumatera Selatan
Empat Lawang,Sumatera Selatan
Lubuklinggau,Sumatera Selatan
Pagar Alam,Sumatera Selatan
Palembang,Sumatera Selatan
Prabumulih,Sumatera Selatan
Bangka,Kepulauan Bangka Belitung
Bangka Barat,Kepulauan Bangka Belitung
Bangka Selatan,Kepulauan Bangka Belitung
Bangka Tengah,Kepulauan Bangka Belitung
Belitung,Kepulauan Bangka Belitung
Belitung Timur,Kepulauan Bangka Belitung
Pangkal Pinang,Kepulauan Bangka Belitung
Lampung Tengah,Lampung
Lampung Utara,Lampung
Lampung Selatan,Lampung
Lampung Barat,Lampung
Lampung Timur,Lampung
Mesuji,Lampung
Pesawaran,Lampung
Pesisir Barat,Lampung
Pringsewu,Lampung
Tulang Bawang,Lampung
Tulang Bawang Barat,Lampung
Tanggamus,Lampung
Way Kanan,Lampung
Bandar Lampung,Lampung
Metro,Lampung
Lebak,Banten
Pandeglang,Banten
Serang,Banten
Tangerang,Banten
Cilegon,Banten
Serang,Banten
Tangerang Selatan,Banten
Bandung,Jawa Barat
Bandung Barat,Jawa Barat
Bekasi,Jawa Barat
Bogor,Jawa Barat
Ciamis,Jawa Barat
Cianjur,Jawa Barat
Cirebon,Jawa Barat
Garut,Jawa Barat
Indramayu,Jawa Barat
Karawang,Jawa Barat
Kuningan,Jawa Barat
Majalengka,Jawa Barat
Pangandaran,Jawa Barat
Purwakarta,Jawa Barat
Subang,Jawa Barat
Sukabumi,Jawa Barat
Sumedang,Jawa Barat
Tasikmalaya,Jawa Barat
Banjar,Jawa Barat
Cimahi,Jawa Barat
Depok,Jawa Barat
Kepulauan Seribu,DKI Jakarta
Jakarta Barat,DKI Jakarta
Jakarta Pusat,DKI Jakarta
Jakarta Selatan,DKI Jakarta
Jakarta Timur,DKI Jakarta
Jakarta Utara,DKI Jakarta
Banjarnegara,Jawa Tengah
Banyumas,Jawa Tengah
Batang,Jawa Tengah
Blora,Jawa Tengah
Boyolali,Jawa Tengah
Brebes,Jawa Tengah
Cilacap,Jawa Tengah
Demak,Jawa Tengah
Grobogan,Jawa Tengah
Jepara,Jawa Tengah
Karanganyar,Jawa Tengah
Kebumen,Jawa Tengah
Kendal,Jawa Tengah
Klaten,Jawa Tengah
Kudus,Jawa Tengah
Magelang,Jawa Tengah
Pati,Jawa Tengah
Pekalongan,Jawa Tengah
Pemalang,Jawa Tengah
Purbalingga,Jawa Tengah
Purworejo,Jawa Tengah
Rembang,Jawa Tengah
Semarang,Jawa Tengah
Sragen,Jawa Tengah
Sukoharjo,Jawa Tengah
Tegal,Jawa Tengah
Tamanggung,Jawa Tengah
Wonogiri,Jawa Tengah
Wonosobo,Jawa Tengah
Salatiga,Jawa Tengah
Surakarta,Jawa Tengah
Bantul,Yogyakarta
Gunungkidul,Yogyakarta
Kulon Progo,Yogyakarta
Sleman,Yogyakarta
Yogyakarta,Yogyakarta
Bangkalan,Jawa Timur
Banyuwangi,Jawa Timur
Blitar,Jawa Timur
Bojonegoro,Jawa Timur
Bondowoso,Jawa Timur
Gresik,Jawa Timur
Jember,Jawa Timur
Jombang,Jawa Timur
Kediri,Jawa Timur
Lamongan,Jawa Timur
Lumajang,Jawa Timur
Madiun,Jawa Timur
Magetan,Jawa Timur
Malang,Jawa Timur
Mojokerto,Jawa Timur
Nganjuk,Jawa Timur
Ngawi,Jawa Timur
Pacitan,Jawa Timur
Pamekasan,Jawa Timur
Pasuruan,Jawa Timur
Ponorogo,Jawa Timur
Probolinggo,Jawa Timur
Sampang,Jawa Timur
Sidoarjo,Jawa Timur
Situbondo,Jawa Timur
Sumenep,Jawa Timur
Trenggalek,Jawa Timur
Tuban,Jawa Timur
Tulungagung,Jawa Timur
Batu,Jawa Timur
Surabaya,Jawa Timur
Badung,Bali
Bangli,Bali
Buleleng,Bali
Gianyar,Bali
Jembrana,Bali
Karangasem,Bali
Klungkung,Bali
Tabanan,Bali
Denpasar,Bali
Bima,Nusa Tenggara Barat
Dompu,Nusa Tenggara Barat
Lombok Barat,Nusa Tenggara Barat
Lombok Tengah,Nusa Tenggara Barat
Lombok Timur,Nusa Tenggara Barat
Lombok Utara,Nusa Tenggara Barat
Sumbawa,Nusa Tenggara Barat
Sumbawa Barat,Nusa Tenggara Barat
Mataram,Nusa Tenggara Barat
Alor,Nusa Tanggara Timur
Belu,Nusa Tanggara Timur
Ende,Nusa Tanggara Timur
Flores Timur,Nusa Tanggara Timur
Kupang,Nusa Tanggara Timur
Lembata,Nusa Tanggara Timur
Malaka,Nusa Tanggara Timur
Manggarai,Nusa Tanggara Timur
Manggarai Barat,Nusa Tanggara Timur
Manggarai Timur,Nusa Tanggara Timur
Ngada,Nusa Tanggara Timur
Nagekeo,Nusa Tanggara Timur
Rote Ndao,Nusa Tanggara Timur
Sabu Raijua,Nusa Tanggara Timur
Sikka,Nusa Tanggara Timur
Sumba Barat,Nusa Tanggara Timur
Sumba Barat Daya,Nusa Tanggara Timur
Sumba Tengah,Nusa Tanggara Timur
Sumba Timur,Nusa Tanggara Timur
Timor Tengah Selatan,Nusa Tanggara Timur
Timor Tengah Utara,Nusa Tanggara Timur
Kupang,Nusa Tanggara Timur
Bengkayang,Kalimantan Barat
Kapuas Hulu,Kalimantan Barat
Kayong Utara,Kalimantan Barat
Ketapang,Kalimantan Barat
Kubu Raya,Kalimantan Barat
Landak,Kalimantan Barat
Melawi,Kalimantan Barat
Mempawah,Kalimantan Barat
Sambas,Kalimantan Barat
Sanggau,Kalimantan Barat
Sekadu,Kalimantan Barat
Sintang,Kalimantan Barat
Pontianak,Kalimantan Barat
Singkawang,Kalimantan Barat
Balangan,Kalimantan Selatan
Banjar,Kalimantan Selatan
Barito Kuala,Kalimantan Selatan
Hulu Sungai Selatan,Kalimantan Selatan
Hulu Sungai Tengah,Kalimantan Selatan
Kotabaru,Kalimantan Selatan
Tabalong,Kalimantan Selatan
Tanah Bumbu,Kalimantan Selatan
Tanah Laut,Kalimantan Selatan
Banjarbaru,Kalimantan Selatan
Banjarmasin,Kalimantan Selatan
Barito Selatan,Kalimantan Tengah
Barito Timur,Kalimantan Tengah
Barito Utara,Kalimantan Tengah
Gunung Mas,Kalimantan Tengah
Kapuas Hulu,Kalimantan Tengah
Katingan,Kalimantan Tengah
Kotawaringin Barat,Kalimantan Tengah
Kotawaringin Timur,Kalimantan Tengah
Lamandau,Kalimantan Tengah
Murung Raya,Kalimantan Tengah
Pulang Pisau,Kalimantan Tengah
Sukamara,Kalimantan Tengah
Seruyan,Kalimantan Tengah
Palangka Raya,Kalimantan Tengah
Berau,Kalimantan Timur
Kutai Barat,Kalimantan Timur
Kutai Kartanegara,Kalimantan Timur
Kutai Timur,Kalimantan Timur
Mahakam Ulu,Kalimantan Timur
Paser,Kalimantan Timur
Penajam Paser Utara,Kalimantan Timur
Balikpapan,Kalimantan Timur
Bontang,Kalimantan Timur
Samarinda,Kalimantan Timur
Bulungan,Kalimantan Utara
Malinau,Kalimantan Utara
Nunukan,Kalimantan Utara
Tana Tidung,Kalimantan Utara
Tarakan,Kalimantan Utara
Boalemo,Gorontalo
Bone Bolango,Gorontalo
Gorontalo,Gorontalo
Gorontalo Utara,Gorontalo
Pohuwato,Gorontalo
Gorontalo,Gorontalo
Bantaeng,Sulawesi Selatan
Barru,Sulawesi Selatan
Bone Bolango,Sulawesi Selatan
Bulukumba,Sulawesi Selatan
Enrekang,Sulawesi Selatan
Gowa,Sulawesi Selatan
Jeneponto,Sulawesi Selatan
Kepulauan Selayar,Sulawesi Selatan
Luwu,Sulawesi Selatan
Luwu Utara,Sulawesi Selatan
Maros,Sulawesi Selatan
Pangkajene,Sulawesi Selatan
Pinrang,Sulawesi Selatan
Sindereng Rappang,Sulawesi Selatan
Sinjai,Sulawesi Selatan
Soppeng,Sulawesi Selatan
Takalar,Sulawesi Selatan
Tana Toraja,Sulawesi Selatan
Toraja Utara,Sulawesi Selatan
Wajo,Sulawesi Selatan
Makassar,Sulawesi Selatan
Palopo,Sulawesi Selatan
Parepare,Sulawesi Selatan
Bombana,Sulawesi Tenggara
Buton,Sulawesi Tenggara
Buton Selatan,Sulawesi Tenggara
Buton Utara,Sulawesi Tenggara
Kolaka,Sulawesi Tenggara
Kolaka Timur,Sulawesi Tenggara
Kolaka Utara,Sulawesi Tenggara
Konawe,Sulawesi Tenggara
Konawe Kepulauan,Sulawesi Tenggara
Konawe Selatan,Sulawesi Tenggara
Konawe Utara,Sulawesi Tenggara
Muna,Sulawesi Tenggara
Muna Barat,Sulawesi Tenggara
Wakatobi,Sulawesi Tenggara
Bau-Bau,Sulawesi Tenggara
Kendari,Sulawesi Tenggara
Banggai,Sulawesi Tengah
Banggai Kepulauan,Sulawesi Tengah
Banggai Laut,Sulawesi Tengah
Buol,Sulawesi Tengah
Donggala,Sulawesi Tengah
Morowali,Sulawesi Tengah
Morowali Utara,Sulawesi Tengah
Parigi Moutong,Sulawesi Tengah
Poso,Sulawesi Tengah
Sigi,Sulawesi Tengah
Toja Una-Una,Sulawesi Tengah
Toli-Toli,Sulawesi Tengah
Palu,Sulawesi Tengah
Bolaang Mongondow,Sulawesi Utara
Bolaang Mongondow Selatan,Sulawesi Utara
Bolaang Mongondow Timur,Sulawesi Utara
Bolaang Mongondow Utara,Sulawesi Utara
Kepulauan Sangihe,Sulawesi Utara
Kepulauan Siau Tagulandang Biaro,Sulawesi Utara
Kepulauan Talaud,Sulawesi Utara
Minahasa,Sulawesi Utara
Minahasa Selatan,Sulawesi Utara
Minahasa Tenggara,Sulawesi Utara
Minahasa Utara,Sulawesi Utara
Bitung,Sulawesi Utara
Kotamobagu,Sulawesi Utara
Manado,Sulawesi Utara
Tomohon,Sulawesi Utara
Majene,Sulawesi Barat
Mamasa,Sulawesi Barat
Mamuju,Sulawesi Barat
Mamuju Utara,Sulawesi Barat
Polewali Mandar,Sulawesi Barat
Buru,Maluku
Buru Selatan,Maluku
Kepulauan Aru,Maluku
Maluku Barat Daya,Maluku
Maluku Tengah,Maluku
Maluku Tenggara,Maluku
Maluku Tenggara Barat,Maluku
Seram Bagian Barat,Maluku
Seram Bagian Timur,Maluku
Ambon,Maluku
Tual,Maluku
Halmahera Barat,Maluku Utara
Halmahera Tengah,Maluku Utara
Halmahera Utara,Maluku Utara
Halmahera Selatan,Maluku Utara
Kepulauan Sula,Maluku Utara
Halmahera Timur,Maluku Utara
Pulau Morotai,Maluku Utara
Pulau Taliabu,Maluku Utara
Ternate,Maluku Utara
Tidore Kepulauan,Maluku Utara
Asmat,Papua
Biak Numfor,Papua
Boven Diogel,Papua
Deiyai,Papua
Dogiyai,Papua
Intan Jaya,Papua
Jayapura,Papua
Jayawijaya,Papua
Keerom,Papua
Kepulauan Yapen,Papua
Lanny Jaya,Papua
Mamberamo Raya,Papua
Mamberamo Tengah,Papua
Mappi,Papua
Merauke,Papua
Mimika,Papua
Naibere,Papua
Nduga,Papua
Paniai,Papua
Pegunungan Bintang,Papua
Puncak,Papua
Puncak Jaya,Papua
Sarmi,Papua
Supiori,Papua
Tolikara,Papua
Waropen,Papua
Yahukimo,Papua
Yalimo,Papua
Jayapura,Papua
Fakfak,Papua Barat
Kaimana,Papua Barat
Monokwari,Papua Barat
Monokwari Selatan,Papua Barat
Maybrat,Papua Barat
Pegunungan Arfak,Papua Barat
Raja Ampat,Papua Barat
Sorong,Papua Barat
Sorong Selatan,Papua Barat
Tambrauw,Papua Barat
Teluk Bintuni,Papua Barat
Teluk Wondama,Papua Barat
