ğŸ˜€,bahagia
ğŸ˜ƒ,bahagia
ğŸ˜„,bahagia
ğŸ˜,bahagia
ğŸ˜†,bahagia
ğŸ˜‚,bahagia
ğŸ˜Š,bahagia
ğŸ˜‡,bahagia
ğŸ˜‰,bahagia
ğŸ˜Œ,bahagia
ğŸ˜,bahagia
ğŸ˜˜,bahagia
ğŸ˜—,bahagia
ğŸ˜™,bahagia
ğŸ˜š,bahagia
ğŸ˜‹,bahagia
ğŸ˜œ,bahagia
ğŸ˜,bahagia
ğŸ˜›,bahagia
ğŸ˜,bahagia
ğŸ˜,bahagia
ğŸ‘½,bahagia
ğŸ‘¾,bahagia
ğŸƒ,bahagia
ğŸ˜º,bahagia
ğŸ˜¸,bahagia
ğŸ˜»,bahagia
ğŸ˜¼,bahagia
ğŸ˜½,bahagia
ğŸ™€,bahagia
ğŸ™Œ,bahagia
ğŸ‘,bahagia
ğŸ™,bahagia
ğŸ‘,bahagia
ğŸ‘Š,bahagia
âœŠ,bahagia
ğŸ‘Œ,bahagia
ğŸ‘‹,bahagia
ğŸ’ª,bahagia
ğŸ’…,bahagia
ğŸ’,bahagia
ğŸ’„,bahagia
ğŸ’‹,bahagia
ğŸ‘„,bahagia
ğŸ‘…,bahagia
ğŸ‘£,bahagia
ğŸ‘¤,bahagia
ğŸ‘¥,bahagia
ğŸ‘¶,bahagia
ğŸ‘¨,bahagia
ğŸ‘´,bahagia
ğŸ‘µ,bahagia
ğŸ‘²,bahagia
ğŸ‘³,bahagia
ğŸ‘·,bahagia
ğŸ…,bahagia
ğŸ‘¸,bahagia
ğŸ‘°,bahagia
ğŸ‘¼,bahagia
ğŸ’,bahagia
ğŸ™†,bahagia
ğŸ™‹,bahagia
ğŸ’‡,bahagia
ğŸ’†,bahagia
ğŸ’ƒ,bahagia
ğŸ‘¯,bahagia
ğŸƒ,bahagia
ğŸ‘«,bahagia
ğŸ‘­,bahagia
ğŸ’‘,bahagia
ğŸ’,bahagia
â¤,bahagia
ğŸ’›,bahagia
ğŸ’š,bahagia
ğŸ’™,bahagia
ğŸ’œ,bahagia
ğŸ–¤,bahagia
ğŸ’”,bahagia
â£,bahagia
ğŸ’•,bahagia
ğŸ’,bahagia
ğŸ’“,bahagia
ğŸ’—,bahagia
ğŸ’–,bahagia
ğŸ’˜,bahagia
ğŸ’,bahagia
ğŸ’Ÿ,bahagia
ğŸ˜’,tidak bahagia
ğŸ˜,tidak bahagia
ğŸ˜”,tidak bahagia
ğŸ˜•,tidak bahagia
ğŸ˜£,tidak bahagia
ğŸ˜–,tidak bahagia
ğŸ˜«,tidak bahagia
ğŸ˜©,tidak bahagia
ğŸ˜¤,tidak bahagia
ğŸ˜ ,tidak bahagia
ğŸ˜¡,tidak bahagia
ğŸ˜¶,tidak bahagia
ğŸ˜,tidak bahagia
ğŸ˜‘,tidak bahagia
ğŸ˜¦,tidak bahagia
ğŸ˜§,tidak bahagia
ğŸ˜²,tidak bahagia
ğŸ˜¨,tidak bahagia
ğŸ˜°,tidak bahagia
ğŸ˜­,tidak bahagia
ğŸ˜“,tidak bahagia
ğŸ˜ª,tidak bahagia
ğŸ˜´,tidak bahagia
ğŸ˜·,tidak bahagia
ğŸ‘¿,tidak bahagia
ğŸ‘º,tidak bahagia
ğŸ’©,tidak bahagia
ğŸ’€,tidak bahagia
ğŸ˜¿,tidak bahagia
ğŸ˜¾,tidak bahagia
ğŸ‘,tidak bahagia
ğŸ‘,tidak bahagia
ğŸ™…,tidak bahagia
ğŸ™,tidak bahagia
ğŸ™,tidak bahagia
ğŸ’”,tidak bahagia