gembira,bahagia
senang,bahagia
terpesona,bahagia
berterimakasih,bahagia
optimis,bahagia
menyenangkan,bahagia
antusias,bahagia
takjub,bahagia
kasih,bahagia
bangga,bahagia
kagum,bahagia
asik,bahagia
sukacita,bahagia
sukaria,bahagia
bahagia,bahagia
senang,bahagia
girang,bahagia
gembira,bahagia
ceria,bahagia
riang,bahagia
damai,bahagia
aman,bahagia
tenteram,bahagia
lega,bahagia
kepuasan,bahagia
puas,bahagia
berani,bahagia
berbesar,bahagia
besar hati,bahagia
rendah hati,bahagia
sabar,bahagia
tabah,bahagia
kepingin,bahagia
hasrat,bahagia
berahi,bahagia
terangsang,bahagia
rangsang,bahagia
bergairah,bahagia
gairah,bahagia
demen,bahagia
suka,bahagia
terkesiap,bahagia
kesiap,bahagia
terbuai,bahagia
buai,bahagia
terpesona,bahagia
pesona,bahagia
terpikat,bahagia
pikat,bahagia
tertarik,bahagia
perasaan,bahagia
getar hati,bahagia
setia,bahagia
edan,bahagia
kesmaran,bahagia
kangen,bahagia
rindu,bahagia
kemesraan,bahagia
asmara,bahagia
mesra,bahagia
cinta,bahagia
kasih,bahagia
sayang,bahagia
percaya diri,bahagia
berani,bahagia
terjamin,bahagia
tertentu,bahagia
siap,bahagia
berhasil,bahagia
berharga,bahagia
didorong,bahagia
tenang,bahagia
aman,bahagia
santai,bahagia
terhibur,bahagia
dinamis,bahagia
gigih,bahagia
kuat,bahagia
tentu,bahagia
tertentu,bahagia
unik,bahagia
aman,bahagia
diberdayakan,bahagia
ambisius,bahagia
percaya diri,bahagia
percaya,bahagia
mencolok,bahagia
ditentukan,bahagia
diperkuat,bahagia
termotivasi,bahagia
berfokus,bahagia
ditentukan,bahagia
terinspirasi,bahagia
kreatif,bahagia
sehat,bahagia
diperbaharui,bahagia
bersemangat,bahagia
segarkan,bahagia
